DicoKey;StationKey
177;2
166;111
217;55
183;50
262;49
33;59
9;1
239;89
75;65
224;124
150;32
151;25
242;8
177;2
177;2
177;2
177;2
177;2
177;2
177;2
177;2
177;2
177;2
177;2
177;2
177;2
177;2
177;2
177;2
177;2
177;2
177;2
177;2
177;2
177;2
177;2
177;2
177;2
177;2
177;2
177;2
177;2
177;2
177;2
177;2
177;2
177;2
177;2
177;2
177;2
177;2
177;2
177;2
177;2
177;2
177;2
177;2
177;2
177;2
177;2
177;2
242;8
242;8
242;8
242;8
242;8
242;8
242;8
242;8
242;8
242;8
242;8
242;8
242;8
242;8
242;8
242;8
242;8
242;8
166;111
166;111
166;111
166;111
217;55
217;55
217;55
217;55
217;55
183;50
183;50
262;49
262;49
262;49
262;49
262;49
262;49
262;49
262;49
262;49
262;49
262;49
33;59
33;59
33;59
33;59
33;59
33;59
33;59
33;59
33;59
33;59
33;59
33;59
33;59
33;59
33;59
33;59
33;59
33;59
33;59
33;59
33;59
33;59
157;118
157;118
157;118
157;118
157;118
157;118
157;118
157;118
157;118
157;118
157;118
157;118
157;118
157;118
157;118
157;118
157;118
157;118
157;118
157;118
157;118
157;118
157;118
157;118
157;118
157;118
157;118
157;118
157;118
157;118
157;118
157;118
157;118
157;118
157;118
244;22
244;22
244;22
244;22
244;22
244;22
244;22
244;22
244;22
244;22
244;22
244;22
244;22
244;22
244;22
244;22
244;22
244;22
244;22
244;22
244;22
244;22
244;22
NULL;65
NULL;65
9;1
9;1
9;1
9;1
9;1
9;1
9;1
9;1
9;1
9;1
9;1
9;1
9;1
9;1
9;1
9;1
9;1
9;1
9;1
9;1
239;89
239;89
239;89
239;89
239;89
239;89
239;89
239;89
239;89
239;89
239;89
239;89
239;89
239;89
239;89
239;89
239;89
239;89
239;89
239;89
239;89
187;92
187;92
187;92
187;92
187;92
187;92
187;92
187;92
187;92
187;92
187;92
187;92
187;92
187;92
187;92
187;92
187;92
187;92
187;92
187;92
187;92
187;92
187;92
187;92
187;92
187;92
187;92
187;92
187;92
187;92
187;92
187;92
187;92
187;92
187;92
187;92
187;92
187;92
187;92
187;92
187;92
187;92
187;92
187;92
75;65
75;65
75;65
75;65
75;65
75;65
75;65
75;65
75;65
75;65
75;65
75;65
224;124
130;124
130;124
130;124
130;124
130;124
130;124
130;124
130;124
130;124
130;124
130;124
130;124
130;124
130;124
130;124
130;124
130;124
130;124
130;124
130;124
130;124
130;124
130;124
130;124
130;124
130;124
130;124
130;124
130;124
130;124
130;124
130;124
130;124
130;124
130;124
130;124
130;124
130;124
130;124
130;124
130;124
130;124
130;124
130;124
150;32
150;32
150;32
150;32
150;32
150;32
150;32
150;32
164;16
164;16
164;16
164;16
164;16
164;16
164;16
164;16
164;16
164;16
208;26
208;26
208;26
208;26
208;26
208;26
208;26
208;26
208;26
208;26
208;26
208;26
208;26
208;26
208;26
208;26
208;26
208;26
151;25
151;25
151;25
189;55
189;55
189;55
189;55
189;55
189;55
189;55
189;55
189;55
189;55
189;55
189;55
276;34
276;34
16;22
184;65
16;22
16;22
16;22
16;22
16;22
16;22
16;22
16;22
16;22
59;57
59;57
59;57
93;124
184;65
184;65
184;65
184;65
184;65
184;65
184;65
184;65
184;65
184;65
184;65
184;65
68;22
68;22
68;22
68;22
68;22
68;22
68;22
68;22
68;22
68;22
68;22
68;22
68;22
68;22
68;22
93;124
93;124
93;124
93;124
93;124
93;124
221;84
221;84
221;84
221;84
221;84
221;84
221;84
221;84
221;84
221;84
221;84
221;84
221;84
221;84
221;84
221;84
221;84
221;84
221;84
221;84
221;84
221;84
221;84
221;84
221;84
221;84
221;84
221;84
221;84
221;84
221;84
221;84
221;84
73;51
90;28
250;22
29;26
235;34
107;124
197;93
95;115
152;89
234;1
73;51
73;51
73;51
73;51
73;51
73;51
73;51
73;51
73;51
73;51
73;51
73;51
73;51
47;49
47;49
47;49
47;49
47;49
47;49
47;49
47;49
47;49
47;49
47;49
47;49
47;49
47;49
47;49
47;49
47;49
47;49
47;49
47;49
47;49
47;49
90;28
90;28
90;28
90;28
90;28
90;28
90;28
90;28
90;28
90;28
90;28
90;28
90;28
90;28
90;28
90;28
90;28
90;28
90;28
90;28
90;28
90;28
70;56
70;56
70;56
70;56
70;56
70;56
70;56
70;56
70;56
70;56
70;56
70;56
70;56
70;56
70;56
70;56
70;56
70;56
250;22
250;22
250;22
250;22
250;22
250;22
250;22
250;22
250;22
85;82
29;26
29;26
29;26
29;26
29;26
29;26
29;26
29;26
29;26
29;26
29;26
29;26
29;26
29;26
29;26
29;26
29;26
29;26
29;26
29;26
29;26
29;26
29;26
29;26
29;26
29;26
29;26
29;26
29;26
29;26
29;26
29;26
29;26
29;26
29;26
29;26
29;26
29;26
92;4
235;34
235;34
235;34
235;34
235;34
235;34
235;34
235;34
235;34
235;34
226;111
226;111
226;111
226;111
226;111
226;111
226;111
226;111
226;111
226;111
226;111
226;111
56;89
56;89
56;89
56;89
56;89
56;89
56;89
56;89
56;89
56;89
56;89
56;89
56;89
56;89
56;89
56;89
56;89
56;89
56;89
56;89
56;89
56;89
56;89
56;89
56;89
56;89
56;89
56;89
56;89
56;89
56;89
56;89
56;89
107;124
107;124
107;124
107;124
107;124
107;124
107;124
107;124
107;124
65;124
65;124
65;124
65;124
65;124
65;124
52;89
52;89
52;89
52;89
52;89
52;89
52;89
52;89
52;89
52;89
52;89
52;89
52;89
52;89
52;89
52;89
52;89
52;89
52;89
52;89
52;89
52;89
52;89
52;89
52;89
52;89
52;89
52;89
52;89
52;89
52;89
52;89
52;89
52;89
52;89
52;89
52;89
52;89
52;89
52;89
52;89
52;89
52;89
52;89
52;89
52;89
52;89
52;89
52;89
52;89
52;89
52;89
52;89
52;89
52;89
52;89
52;89
52;89
52;89
52;89
52;89
52;89
52;89
52;89
52;89
52;89
52;89
52;89
52;89
52;89
52;89
52;89
52;89
52;89
52;89
52;89
52;89
52;89
52;89
197;93
197;93
197;93
197;93
197;93
197;93
197;93
197;93
197;93
197;93
197;93
197;93
197;93
197;93
197;93
197;93
197;93
197;93
197;93
101;55
101;55
101;55
101;55
101;55
101;55
101;55
101;55
101;55
101;55
101;55
101;55
101;55
101;55
101;55
101;55
101;55
101;55
101;55
101;55
101;55
101;55
101;55
101;55
101;55
97;26
44;119
95;115
95;115
95;115
95;115
95;115
95;115
95;115
95;115
95;115
95;115
40;89
40;89
40;89
40;89
40;89
40;89
40;89
40;89
40;89
40;89
40;89
40;89
40;89
40;89
40;89
40;89
40;89
40;89
40;89
40;89
40;89
40;89
40;89
40;89
40;89
40;89
40;89
40;89
40;89
40;89
40;89
40;89
40;89
40;89
40;89
40;89
40;89
40;89
40;89
40;89
40;89
40;89
40;89
40;89
40;89
40;89
40;89
40;89
40;89
40;89
40;89
40;89
40;89
40;89
40;89
40;89
40;89
40;89
40;89
40;89
40;89
40;89
40;89
234;1
234;1
234;1
234;1
234;1
234;1
234;1
234;1
234;1
234;1
234;1
234;1
234;1
234;1
234;1
234;1
234;1
234;1
234;1
234;1
234;1
234;1
234;1
234;1
234;1
234;1
234;1
234;1
234;1
234;1
234;1
38;3
38;3
38;3
38;3
38;3
38;3
38;3
38;3
38;3
38;3
38;3
38;3
38;3
38;3
38;3
38;3
38;3
38;3
38;3
38;3
38;3
38;3
38;3
38;3
38;3
38;3
38;3
38;3
38;3
38;3
38;3
38;3
38;3
38;3
38;3
38;3
152;89
152;89
152;89
152;89
152;89
152;89
152;89
152;89
152;89
152;89
152;89
152;89
152;89
152;89
152;89
152;89
152;89
152;89
152;89
152;89
152;89
152;89
152;89
152;89
152;89
152;89
152;89
152;89
152;89
152;89
152;89
152;89
152;89
152;89
152;89
152;89
152;89
152;89
152;89
152;89
152;89
152;89
92;4
92;4
17;111
17;111
17;111
17;111
17;111
85;82
85;82
85;82
85;82
85;82
85;82
85;82
85;82
85;82
85;82
85;82
85;82
85;82
85;82
85;82
85;82
85;82
97;26
97;26
97;26
97;26
97;26
97;26
97;26
97;26
97;26
97;26
97;26
97;26
97;26
97;26
97;26
97;26
97;26
97;26
248;22
248;22
248;22
248;22
248;22
248;22
248;22
248;22
248;22
248;22
248;22
248;22
248;22
248;22
116;12
116;12
116;12
116;12
116;12
116;12
116;12
116;12
116;12
116;12
116;12
116;12
116;12
116;12
116;12
116;12
116;12
116;12
116;12
116;12
116;12
116;12
116;12
44;119
44;119
44;119
44;119
44;119
44;119
44;119
44;119
44;119
44;119
44;119
44;119
44;119
111;97
232;65
111;97
111;97
111;97
232;65
232;65
232;65
232;65
196;4
196;4
196;4
196;4
196;4
196;4
53;26
53;26
53;26
53;26
53;26
53;26
53;26
53;26
53;26
53;26
53;26
53;26
53;26
53;26
53;26
53;26
53;26
53;26
53;26
53;26
53;26
53;26
53;26
53;26
53;26
53;26
53;26
53;26
53;26
53;26
53;26
53;26
53;26
214;27
214;27
214;27
214;27
214;27
133;81
133;81
133;81
133;81
133;81
133;81
133;81
133;81
133;81
133;81
133;81
133;81
133;81
133;81
133;81
133;81
133;81
133;81
133;81
133;81
133;81
133;81
133;81
133;81
133;81
133;81
133;81
133;81
133;81
133;81
133;81
133;81
133;81
133;81
133;81
133;81
133;81
133;81
133;81
133;81
260;4
185;9
18;102
213;34
185;9
185;9
18;102
18;102
18;102
18;102
260;4
260;4
260;4
260;4
260;4
260;4
260;4
260;4
260;4
260;4
260;4
260;4
260;4
260;4
260;4
260;4
260;4
260;4
260;4
260;4
260;4
185;9
185;9
185;9
185;9
185;9
185;9
185;9
185;9
185;9
22;96
22;96
22;96
22;96
22;96
22;96
22;96
22;96
22;96
22;96
22;96
22;96
161;84
161;84
161;84
161;84
161;84
161;84
161;84
161;84
161;84
161;84
161;84
161;84
161;84
161;84
161;84
161;84
161;84
161;84
213;34
213;34
213;34
213;34
213;34
213;34
213;34
213;34
213;34
213;34
213;34
213;34
213;34
213;34
213;34
14;89
14;89
14;89
14;89
14;89
14;89
14;89
14;89
14;89
14;89
14;89
14;89
14;89
14;89
14;89
14;89
14;89
14;89
14;89
14;89
14;89
14;89
14;89
14;89
14;89
14;89
14;89
14;89
258;91
258;91
258;91
258;91
258;91
258;91
258;91
258;91
258;91
258;91
258;91
258;91
258;91
258;91
258;91
258;91
258;91
258;91
258;91
258;91
258;91
258;91
258;91
258;91
258;91
258;91
258;91
156;1
156;1
156;1
156;1
156;1
156;1
156;1
156;1
156;1
156;1
270;12
270;12
270;12
270;12
270;12
270;12
270;12
270;12
270;12
270;12
270;12
270;12
270;12
270;12
270;12
270;12
270;12
270;12
270;12
270;12
219;89
106;65
202;22
113;124
255;13
171;102
50;1
63;88
275;111
219;89
219;89
219;89
219;89
219;89
219;89
219;89
219;89
219;89
219;89
219;89
219;89
219;89
219;89
219;89
219;89
219;89
219;89
219;89
219;89
219;89
219;89
219;89
219;89
219;89
219;89
219;89
219;89
219;89
219;89
219;89
219;89
219;89
219;89
219;89
219;89
219;89
219;89
219;89
219;89
219;89
219;89
219;89
219;89
219;89
219;89
219;89
219;89
219;89
219;89
219;89
219;89
219;89
219;89
219;89
219;89
219;89
219;89
219;89
219;89
219;89
219;89
219;89
219;89
219;89
219;89
219;89
219;89
219;89
219;89
219;89
219;89
219;89
219;89
219;89
219;89
219;89
219;89
219;89
219;89
219;89
219;89
219;89
219;89
219;89
219;89
219;89
219;89
219;89
219;89
219;89
219;89
219;89
219;89
219;89
106;65
106;65
106;65
106;65
106;65
106;65
106;65
106;65
106;65
106;65
106;65
106;65
106;65
106;65
181;27
181;27
181;27
181;27
181;27
181;27
181;27
181;27
181;27
181;27
181;27
181;27
181;27
181;27
181;27
181;27
181;27
181;27
181;27
181;27
181;27
181;27
181;27
181;27
181;27
181;27
181;27
181;27
181;27
181;27
181;27
181;27
218;26
218;26
218;26
202;22
202;22
202;22
202;22
205;4
205;4
205;4
205;4
205;4
205;4
205;4
205;4
205;4
80;65
80;65
80;65
80;65
80;65
80;65
80;65
255;13
255;13
255;13
255;13
255;13
255;13
255;13
255;13
255;13
255;13
255;13
255;13
275;111
275;111
275;111
275;111
275;111
63;88
63;88
63;88
63;88
50;1
50;1
50;1
50;1
50;1
50;1
50;1
50;1
50;1
50;1
50;1
50;1
50;1
50;1
50;1
50;1
50;1
50;1
50;1
50;1
50;1
50;1
50;1
50;1
50;1
50;1
50;1
138;34
138;34
138;34
138;34
138;34
138;34
138;34
138;34
138;34
138;34
138;34
138;34
195;12
195;12
195;12
195;12
195;12
195;12
195;12
195;12
195;12
195;12
195;12
195;12
195;12
195;12
195;12
195;12
195;12
195;12
195;12
195;12
195;12
195;12
195;12
195;12
195;12
195;12
195;12
195;12
195;12
195;12
195;12
195;12
195;12
195;12
195;12
195;12
195;12
195;12
195;12
195;12
277;26
109;49
267;83
204;92
109;49
109;49
109;49
109;49
109;49
109;49
109;49
109;49
109;49
109;49
109;49
109;49
109;49
109;49
109;49
109;49
109;49
109;49
98;123
277;26
277;26
277;26
277;26
277;26
277;26
277;26
277;26
277;26
277;26
277;26
277;26
277;26
277;26
277;26
277;26
204;92
204;92
204;92
204;92
204;92
204;92
204;92
204;92
204;92
204;92
204;92
204;92
204;92
204;92
204;92
204;92
204;92
204;92
204;92
204;92
204;92
204;92
204;92
204;92
204;92
91;47
91;47
91;47
91;47
91;47
91;47
91;47
91;47
91;47
91;47
91;47
91;47
91;47
91;47
91;47
82;12
82;12
82;12
82;12
82;12
82;12
82;12
82;12
82;12
82;12
82;12
82;12
82;12
82;12
82;12
82;12
82;12
82;12
82;12
82;12
82;12
82;12
82;12
82;12
82;12
82;12
82;12
82;12
82;12
82;12
82;12
82;12
82;12
82;12
82;12
82;12
82;12
82;12
82;12
82;12
82;12
82;12
82;12
82;12
82;12
82;12
82;12
82;12
82;12
82;12
82;12
82;12
82;12
82;12
267;83
267;83
267;83
267;83
267;83
267;83
267;83
267;83
267;83
267;83
267;83
267;83
267;83
267;83
267;83
267;83
267;83
267;83
267;83
267;83
267;83
267;83
267;83
267;83
267;83
267;83
267;83
267;83
267;83
267;83
267;83
267;83
267;83
98;123
98;123
98;123
98;123
215;65
215;65
215;65
215;65
215;65
215;65
215;65
215;65
215;65
215;65
215;65
215;65
215;65
149;1
149;1
149;1
149;1
149;1
149;1
149;1
149;1
149;1
149;1
149;1
149;1
149;1
149;1
149;1
149;1
149;1
149;1
149;1
149;1
149;1
149;1
149;1
149;1
149;1
149;1
149;1
76;65
76;65
76;65
76;65
76;65
76;65
76;65
76;65
76;65
76;65
76;65
76;65
76;65
76;65
76;65
76;65
76;65
76;65
76;65
76;65
76;65
76;65
76;65
76;65
76;65
76;65
76;65
76;65
76;65
76;65
76;65
76;65
76;65
76;65
76;65
76;65
76;65
274;1
11;119
247;55
230;22
274;1
274;1
11;119
11;119
11;119
11;119
11;119
11;119
11;119
11;119
11;119
11;119
11;119
11;119
11;119
11;119
11;119
11;119
11;119
11;119
11;119
11;119
83;129
83;129
83;129
83;129
83;129
83;129
83;129
83;129
83;129
83;129
83;129
83;129
83;129
83;129
83;129
83;129
83;129
83;129
83;129
83;129
83;129
83;129
83;129
83;129
83;129
83;129
83;129
83;129
83;129
83;129
83;129
83;129
83;129
274;1
274;1
274;1
274;1
274;1
274;1
274;1
274;1
274;1
274;1
274;1
274;1
274;1
274;1
274;1
274;1
274;1
274;1
274;1
274;1
274;1
274;1
274;1
274;1
274;1
274;1
114;49
114;49
114;49
114;49
114;49
114;49
39;26
39;26
39;26
39;26
39;26
39;26
39;26
39;26
39;26
39;26
39;26
39;26
39;26
39;26
39;26
39;26
39;26
39;26
39;26
39;26
39;26
39;26
39;26
39;26
39;26
39;26
39;26
39;26
247;55
247;55
247;55
247;55
247;55
247;55
247;55
247;55
139;27
139;27
139;27
139;27
139;27
139;27
139;27
100;55
100;55
100;55
259;84
259;84
259;84
259;84
259;84
259;84
259;84
259;84
259;84
259;84
259;84
259;84
259;84
259;84
259;84
259;84
259;84
259;84
259;84
259;84
259;84
259;84
259;84
259;84
259;84
259;84
259;84
259;84
259;84
259;84
230;22
230;22
230;22
230;22
230;22
230;22
230;22
230;22
230;22
230;22
230;22
230;22
230;22
230;22
230;22
230;22
230;22
230;22
230;22
230;22
230;22
230;22
230;22
140;111
140;111
140;111
140;111
57;92
57;92
57;92
57;92
57;92
57;92
57;92
57;92
57;92
57;92
57;92
57;92
57;92
266;102
266;102
266;102
266;102
210;12
7;4
126;26
146;49
NULL;124
210;12
210;12
210;12
210;12
210;12
210;12
210;12
210;12
210;12
210;12
210;12
210;12
210;12
210;12
210;12
210;12
210;12
210;12
210;12
210;12
210;12
210;12
210;12
210;12
210;12
210;12
147;65
147;65
147;65
147;65
146;49
146;49
146;49
146;49
146;49
146;49
146;49
146;49
146;49
146;49
146;49
146;49
146;49
126;26
126;26
126;26
126;26
126;26
126;26
126;26
126;26
126;26
126;26
126;26
126;26
126;26
126;26
126;26
126;26
126;26
126;26
126;26
126;26
126;26
126;26
126;26
126;26
126;26
5;5
5;5
5;5
5;5
5;5
5;5
5;5
5;5
5;5
5;5
5;5
5;5
5;5
5;5
5;5
5;5
5;5
5;5
5;5
5;5
5;5
5;5
NULL;124
NULL;124
NULL;124
77;6
77;6
77;6
77;6
77;6
77;6
77;6
77;6
77;6
77;6
77;6
77;6
77;6
77;6
77;6
77;6
77;6
77;6
77;6
77;6
77;6
77;6
77;6
77;6
77;6
77;6
77;6
77;6
77;6
77;6
77;6
77;6
7;4
7;4
7;4
7;4
7;4
165;124
165;124
165;124
165;124
165;124
165;124
165;124
165;124
261;92
261;92
261;92
261;92
261;92
261;92
261;92
261;92
261;92
261;92
261;92
261;92
182;126
182;126
182;126
182;126
263;1
263;1
263;1
263;1
263;1
263;1
263;1
263;1
263;1
263;1
263;1
263;1
263;1
263;1
263;1
263;1
263;1
263;1
209;1
105;26
209;1
209;1
209;1
209;1
209;1
209;1
209;1
209;1
209;1
209;1
209;1
209;1
209;1
105;26
105;26
105;26
105;26
105;26
105;26
105;26
105;26
105;26
105;26
105;26
105;26
105;26
105;26
105;26
105;26
105;26
105;26
105;26
105;26
105;26
105;26
105;26
105;26
105;26
105;26
105;26
105;26
105;26
105;26
105;26
105;26
198;111
124;17
198;111
198;111
198;111
198;111
198;111
198;111
198;111
198;111
253;56
253;56
253;56
253;56
253;56
253;56
253;56
99;119
124;17
124;17
124;17
124;17
124;17
124;17
124;17
124;17
124;17
124;17
124;17
99;119
99;119
99;119
99;119
99;119
99;119
99;119
99;119
99;119
99;119
99;119
99;119
99;119
99;119
99;119
99;119
99;119
99;119
99;119
99;119
99;119
99;119
99;119
99;119
99;119
99;119
99;119
99;119
99;119
99;119
99;119
99;119
99;119
99;119
99;119
99;119
99;119
99;119
99;119
99;119
99;119
99;119
99;119
99;119
99;119
99;119
99;119
99;119
99;119
99;119
99;119
99;119
99;119
99;119
99;119
99;119
99;119
99;119
99;119
12;4
12;4
12;4
12;4
12;4
12;4
12;4
12;4
12;4
12;4
12;4
12;4
12;4
12;4
12;4
12;4
125;65
125;65
125;65
125;65
125;65
125;65
125;65
125;65
170;34
256;114
199;55
64;37
170;34
170;34
170;34
170;34
170;34
170;34
170;34
170;34
256;114
256;114
256;114
256;114
256;114
256;114
256;114
256;114
256;114
256;114
256;114
256;114
256;114
256;114
256;114
256;114
256;114
256;114
256;114
256;114
256;114
199;55
199;55
199;55
199;55
199;55
199;55
199;55
199;55
199;55
199;55
199;55
199;55
199;55
199;55
134;89
134;89
134;89
134;89
134;89
134;89
134;89
134;89
134;89
134;89
134;89
134;89
134;89
134;89
134;89
134;89
134;89
134;89
134;89
134;89
134;89
134;89
134;89
134;89
134;89
134;89
64;37
64;37
64;37
64;37
64;37
64;37
64;37
64;37
222;139
222;139
222;139
132;26
10;26
245;65
115;22
168;92
132;26
132;26
132;26
132;26
132;26
132;26
132;26
132;26
132;26
132;26
132;26
132;26
132;26
132;26
132;26
132;26
132;26
132;26
132;26
132;26
132;26
132;26
132;26
132;26
132;26
132;26
132;26
132;26
132;26
132;26
132;26
132;26
132;26
132;26
132;26
132;26
132;26
132;26
132;26
132;26
132;26
132;26
132;26
132;26
132;26
132;26
132;26
132;26
132;26
132;26
132;26
132;26
132;26
132;26
10;26
10;26
10;26
10;26
10;26
10;26
10;26
10;26
10;26
10;26
10;26
10;26
10;26
10;26
10;26
10;26
10;26
245;65
245;65
245;65
245;65
245;65
245;65
245;65
245;65
245;65
245;65
135;1
135;1
135;1
135;1
135;1
135;1
135;1
135;1
135;1
135;1
135;1
135;1
135;1
135;1
135;1
135;1
135;1
135;1
135;1
135;1
135;1
135;1
135;1
135;1
135;1
115;22
115;22
115;22
115;22
115;22
115;22
115;22
115;22
115;22
115;22
115;22
115;22
71;49
71;49
71;49
71;49
71;49
71;49
71;49
71;49
71;49
71;49
71;49
71;49
71;49
71;49
71;49
71;49
203;49
203;49
203;49
203;49
203;49
203;49
203;49
203;49
203;49
203;49
203;49
203;49
203;49
203;49
203;49
203;49
203;49
203;49
203;49
203;49
203;49
203;49
203;49
203;49
203;49
203;49
203;49
168;92
168;92
168;92
168;92
168;92
168;92
168;92
168;92
168;92
168;92
168;92
168;92
168;92
168;92
168;92
168;92
168;92
168;92
168;92
168;92
168;92
168;92
168;92
86;26
86;26
86;26
86;26
86;26
86;26
86;26
86;26
86;26
86;26
86;26
86;26
86;26
86;26
86;26
86;26
86;26
86;26
86;26
86;26
86;26
86;26
86;26
86;26
86;26
86;26
86;26
86;26
86;26
28;1
28;1
28;1
28;1
28;1
28;1
28;1
28;1
28;1
28;1
28;1
28;1
28;1
28;1
28;1
74;111
74;111
74;111
190;69
84;14
190;69
190;69
190;69
190;69
84;14
84;14
84;14
84;14
84;14
84;14
84;14
84;14
84;14
84;14
84;14
84;14
84;14
84;14
84;14
84;14
84;14
84;14
84;14
60;1
265;84
265;84
265;84
265;84
265;84
265;84
265;84
265;84
265;84
265;84
265;84
265;84
265;84
265;84
265;84
265;84
265;84
265;84
60;1
60;1
60;1
60;1
60;1
60;1
60;1
60;1
60;1
60;1
60;1
60;1
60;1
60;1
60;1
60;1
60;1
108;124
78;111
108;124
108;124
108;124
94;22
94;22
94;22
94;22
94;22
94;22
94;22
94;22
94;22
94;22
94;22
94;22
94;22
94;22
94;22
94;22
94;22
94;22
94;22
94;22
94;22
94;22
78;111
78;111
96;119
27;60
175;46
211;1
27;60
27;60
27;60
27;60
27;60
27;60
27;60
27;60
27;60
27;60
27;60
27;60
27;60
96;119
96;119
96;119
96;119
96;119
96;119
96;119
45;4
45;4
45;4
45;4
175;46
175;46
175;46
175;46
175;46
175;46
175;46
175;46
175;46
175;46
175;46
175;46
175;46
175;46
175;46
175;46
175;46
175;46
175;46
175;46
175;46
175;46
175;46
175;46
175;46
175;46
175;46
175;46
175;46
175;46
175;46
175;46
175;46
175;46
175;46
175;46
175;46
175;46
175;46
179;56
179;56
179;56
179;56
179;56
179;56
179;56
211;1
211;1
211;1
211;1
211;1
211;1
211;1
211;1
211;1
211;1
211;1
211;1
211;1
211;1
211;1
211;1
211;1
211;1
211;1
211;1
211;1
211;1
211;1
211;1
211;1
211;1
211;1
211;1
211;1
211;1
211;1
211;1
211;1
211;1
211;1
211;1
211;1
211;1
211;1
211;1
34;65
6;1
34;65
34;65
34;65
34;65
34;65
34;65
34;65
34;65
34;65
41;84
41;84
41;84
41;84
41;84
41;84
41;84
41;84
41;84
41;84
41;84
41;84
41;84
41;84
41;84
41;84
41;84
41;84
41;84
41;84
41;84
41;84
41;84
41;84
41;84
41;84
41;84
41;84
162;55
162;55
141;55
6;1
6;1
6;1
6;1
6;1
6;1
6;1
6;1
6;1
6;1
67;67
67;67
67;67
67;67
67;67
67;67
141;55
141;55
141;55
141;55
272;33
237;53
237;53
237;53
237;53
237;53
237;53
237;53
237;53
237;53
31;124
31;124
31;124
31;124
31;124
31;124
31;124
31;124
31;124
31;124
31;124
31;124
31;124
31;124
31;124
31;124
31;124
31;124
31;124
31;124
31;124
31;124
31;124
31;124
36;27
36;27
36;27
36;27
36;27
36;27
36;27
36;27
36;27
36;27
36;27
36;27
36;27
272;33
272;33
272;33
272;33
272;33
272;33
272;33
200;106
200;106
200;106
200;106
200;106
200;106
200;106
200;106
200;106
200;106
200;106
200;106
200;106
200;106
200;106
200;106
200;106
200;106
200;106
200;106
243;52
243;52
243;52
243;52
243;52
243;52
243;52
243;52
243;52
243;52
243;52
243;52
243;52
243;52
243;52
243;52
104;107
104;107
104;107
104;107
104;107
104;107
104;107
216;128
216;128
216;128
216;128
216;128
216;128
216;128
37;102
220;124
37;102
37;102
37;102
37;102
37;102
37;102
220;124
220;124
220;124
220;124
229;49
229;49
229;49
229;49
229;49
229;49
229;49
229;49
229;49
229;49
229;49
229;49
229;49
229;49
229;49
229;49
229;49
229;49
229;49
229;49
229;49
229;49
229;49
229;49
229;49
229;49
229;49
229;49
229;49
229;49
229;49
229;49
229;49
229;49
229;49
229;49
229;49
229;49
229;49
229;49
229;49
229;49
229;49
129;111
129;111
129;111
129;111
129;111
129;111
129;111
129;111
129;111
129;111
102;132
169;4
102;132
169;4
169;4
169;4
137;65
137;65
137;65
137;65
137;65
137;65
137;65
158;102
158;102
158;102
158;102
158;102
158;102
158;102
46;92
46;92
46;92
46;92
46;92
46;92
46;92
46;92
46;92
46;92
46;92
46;92
46;92
46;92
46;92
102;132
102;132
102;132
102;132
102;132
26;89
264;68
119;124
32;56
26;89
26;89
26;89
26;89
26;89
26;89
26;89
26;89
26;89
26;89
26;89
26;89
26;89
26;89
26;89
26;89
26;89
26;89
26;89
26;89
26;89
26;89
26;89
26;89
26;89
26;89
26;89
26;89
26;89
26;89
26;89
26;89
26;89
26;89
26;89
26;89
26;89
26;89
26;89
26;89
26;89
26;89
26;89
26;89
26;89
26;89
26;89
26;89
26;89
26;89
26;89
26;89
26;89
26;89
26;89
26;89
26;89
26;89
26;89
26;89
26;89
26;89
26;89
26;89
26;89
26;89
26;89
26;89
26;89
26;89
26;89
26;89
26;89
26;89
26;89
26;89
26;89
26;89
26;89
26;89
128;56
128;56
128;56
128;56
128;56
128;56
128;56
264;68
264;68
264;68
264;68
264;68
264;68
264;68
264;68
264;68
264;68
264;68
264;68
264;68
264;68
264;68
264;68
264;68
264;68
66;92
66;92
66;92
66;92
66;92
66;92
66;92
66;92
66;92
66;92
66;92
66;92
66;92
66;92
66;92
66;92
66;92
66;92
66;92
66;92
66;92
66;92
32;56
32;56
32;56
32;56
32;56
32;56
32;56
32;56
32;56
54;26
54;26
54;26
54;26
54;26
119;124
119;124
119;124
119;124
119;124
119;124
119;124
119;124
119;124
225;4
225;4
225;4
225;4
225;4
88;1
88;1
88;1
88;1
88;1
88;1
88;1
88;1
88;1
88;1
88;1
88;1
88;1
88;1
88;1
88;1
88;1
88;1
88;1
88;1
88;1
88;1
88;1
88;1
88;1
88;1
88;1
88;1
88;1
88;1
88;1
88;1
88;1
88;1
88;1
88;1
88;1
88;1
88;1
88;1
88;1
88;1
88;1
88;1
88;1
88;1
88;1
88;1
88;1
88;1
88;1
257;49
207;78
257;49
257;49
257;49
257;49
257;49
13;42
13;42
13;42
13;42
13;42
13;42
13;42
13;42
13;42
13;42
13;42
13;42
13;42
13;42
13;42
13;42
13;42
13;42
13;42
13;42
13;42
13;42
13;42
13;42
13;42
13;42
13;42
13;42
13;42
13;42
13;42
13;42
13;42
13;42
13;42
13;42
13;42
13;42
13;42
13;42
13;42
13;42
154;102
207;78
207;78
207;78
207;78
207;78
207;78
207;78
207;78
207;78
207;78
207;78
207;78
207;78
61;20
61;20
194;84
163;40
154;102
154;102
154;102
154;102
154;102
154;102
154;102
154;102
154;102
154;102
154;102
154;102
154;102
154;102
154;102
154;102
154;102
154;102
154;102
154;102
154;102
154;102
154;102
154;102
154;102
21;56
21;56
21;56
21;56
21;56
21;56
21;56
194;84
194;84
194;84
194;84
194;84
194;84
194;84
194;84
194;84
194;84
194;84
194;84
194;84
194;84
194;84
194;84
194;84
194;84
194;84
194;84
194;84
194;84
194;84
194;84
194;84
194;84
194;84
194;84
163;40
163;40
163;40
89;92
89;92
89;92
89;92
89;92
89;92
89;92
89;92
89;92
89;92
89;92
89;92
15;64
15;64
15;64
15;64
15;64
15;64
15;64
15;64
15;64
15;64
15;64
15;64
15;64
15;64
15;64
15;64
15;64
15;64
15;64
15;64
15;64
15;64
15;64
15;64
15;64
15;64
15;64
15;64
15;64
15;64
15;64
15;64
15;64
15;64
15;64
15;64
15;64
15;64
15;64
15;64
15;64
15;64
15;64
15;64
188;124
188;124
188;124
188;124
188;124
188;124
188;124
188;124
188;124
1;27
1;27
1;27
1;27
1;27
1;27
1;27
1;27
1;27
1;27
1;27
1;27
1;27
1;27
1;27
1;27
176;48
176;48
176;48
176;48
176;48
186;116
62;124
136;35
186;116
186;116
186;116
186;116
186;116
186;116
186;116
186;116
186;116
186;116
186;116
186;116
186;116
186;116
186;116
186;116
186;116
186;116
186;116
186;116
186;116
186;116
186;116
186;116
186;116
186;116
186;116
186;116
186;116
186;116
62;124
62;124
62;124
62;124
136;35
136;35
136;35
136;35
136;35
136;35
136;35
136;35
136;35
136;35
136;35
136;35
136;35
136;35
136;35
136;35
136;35
136;35
136;35
136;35
249;4
249;4
249;4
249;4
249;4
249;4
249;4
249;4
249;4
249;4
249;4
249;4
249;4
249;4
249;4
249;4
249;4
249;4
249;4
249;4
249;4
249;4
249;4
249;4
249;4
249;4
206;4
206;4
206;4
206;4
206;4
206;4
206;4
206;4
206;4
206;4
206;4
206;4
206;4
206;4
206;4
206;4
206;4
206;4
206;4
206;4
206;4
206;4
206;4
206;4
206;4
206;4
206;4
206;4
206;4
206;4
206;4
206;4
206;4
206;4
206;4
206;4
206;4
206;4
206;4
103;111
103;111
103;111
103;111
103;111
103;111
103;111
103;111
159;102
159;102
212;26
212;26
212;26
212;26
212;26
212;26
212;26
212;26
212;26
212;26
212;26
212;26
212;26
212;26
233;84
271;117
271;117
271;117
271;117
271;117
271;117
271;117
271;117
271;117
271;117
271;117
271;117
271;117
271;117
271;117
271;117
271;117
271;117
271;117
271;117
233;84
233;84
233;84
233;84
233;84
233;84
233;84
233;84
233;84
233;84
233;84
233;84
233;84
233;84
233;84
233;84
233;84
233;84
233;84
233;84
233;84
233;84
233;84
233;84
233;84
233;84
233;84
233;84
233;84
233;84
233;84
233;84
233;84
233;84
233;84
233;84
233;84
233;84
233;84
233;84
233;84
233;84
233;84
233;84
233;84
233;84
233;84
233;84
233;84
233;84
233;84
233;84
233;84
233;84
233;84
233;84
233;84
233;84
233;84
233;84
233;84
233;84
233;84
233;84
233;84
233;84
233;84
233;84
24;34
24;34
24;34
24;34
24;34
24;34
24;34
122;102
153;65
55;111
48;124
153;65
153;65
153;65
153;65
153;65
153;65
153;65
153;65
153;65
153;65
153;65
153;65
153;65
153;65
153;65
153;65
153;65
153;65
153;65
153;65
153;65
153;65
153;65
153;65
153;65
153;65
153;65
122;102
122;102
122;102
252;65
252;65
252;65
252;65
252;65
252;65
252;65
252;65
228;4
228;4
228;4
228;4
228;4
228;4
228;4
228;4
228;4
228;4
228;4
228;4
228;4
228;4
228;4
228;4
228;4
228;4
228;4
48;124
48;124
48;124
48;124
240;119
240;119
240;119
240;119
240;119
240;119
240;119
240;119
240;119
240;119
240;119
240;119
240;119
240;119
240;119
240;119
240;119
240;119
240;119
240;119
55;111
55;111
55;111
87;12
273;125
2;29
246;92
127;23
87;12
87;12
87;12
87;12
87;12
87;12
87;12
87;12
87;12
87;12
87;12
87;12
87;12
87;12
87;12
87;12
2;29
2;29
273;125
273;125
273;125
273;125
273;125
273;125
273;125
273;125
273;125
273;125
273;125
273;125
273;125
273;125
273;125
273;125
273;125
273;125
273;125
273;125
273;125
273;125
160;44
160;44
160;44
160;44
160;44
160;44
160;44
160;44
160;44
160;44
160;44
160;44
160;44
160;44
160;44
160;44
160;44
160;44
160;44
160;44
160;44
160;44
160;44
160;44
160;44
160;44
160;44
160;44
160;44
160;44
160;44
160;44
160;44
160;44
160;44
160;44
160;44
160;44
160;44
160;44
160;44
160;44
160;44
160;44
160;44
160;44
2;29
2;29
2;29
2;29
2;29
2;29
2;29
2;29
2;29
2;29
2;29
2;29
2;29
2;29
2;29
2;29
2;29
2;29
2;29
2;29
2;29
254;22
254;22
254;22
254;22
254;22
254;22
254;22
254;22
254;22
254;22
254;22
254;22
254;22
254;22
254;22
72;1
72;1
72;1
72;1
72;1
72;1
72;1
72;1
72;1
72;1
72;1
72;1
72;1
72;1
72;1
72;1
72;1
72;1
72;1
142;49
142;49
142;49
142;49
142;49
142;49
142;49
142;49
142;49
142;49
87;12
87;12
87;12
87;12
87;12
87;12
87;12
87;12
87;12
87;12
87;12
87;12
87;12
87;12
87;12
87;12
87;12
87;12
87;12
87;12
87;12
87;12
87;12
87;12
87;12
87;12
87;12
87;12
87;12
87;12
87;12
87;12
87;12
87;12
87;12
87;12
87;12
87;12
87;12
87;12
87;12
87;12
87;12
87;12
87;12
87;12
87;12
246;92
246;92
246;92
246;92
246;92
246;92
246;92
246;92
246;92
127;23
127;23
191;34
191;34
191;34
191;34
191;34
191;34
191;34
191;34
191;34
191;34
191;34
191;34
191;34
191;34
191;34
191;34
49;134
49;134
49;134
49;134
49;134
49;134
49;134
49;134
49;134
20;1
121;84
20;1
20;1
148;87
20;1
20;1
20;1
20;1
20;1
20;1
20;1
20;1
121;84
121;84
121;84
121;84
121;84
121;84
121;84
121;84
121;84
121;84
121;84
121;84
121;84
121;84
121;84
148;87
148;87
148;87
148;87
148;87
148;87
148;87
148;87
148;87
148;87
148;87
148;87
148;87
148;87
148;87
148;87
148;87
148;87
148;87
148;87
148;87
148;87
148;87
148;87
148;87
148;87
148;87
148;87
148;87
148;87
148;87
148;87
148;87
148;87
148;87
148;87
148;87
148;87
148;87
148;87
148;87
148;87
148;87
148;87
148;87
148;87
148;87
148;87
148;87
148;87
148;87
148;87
148;87
148;87
148;87
148;87
148;87
148;87
148;87
148;87
148;87
148;87
148;87
148;87
148;87
148;87
148;87
148;87
148;87
148;87
148;87
148;87
148;87
148;87
148;87
148;87
180;124
180;124
180;124
180;124
180;124
180;124
180;124
180;124
19;49
19;49
19;49
19;49
19;49
19;49
19;49
19;49
19;49
19;49
19;49
19;49
19;49
192;124
192;124
192;124
192;124
192;124
192;124
192;124
192;124
192;124
192;124
192;124
192;124
192;124
192;124
192;124
192;124
192;124
192;124
192;124
192;124
192;124
192;124
192;124
192;124
192;124
241;1
241;1
241;1
241;1
241;1
241;1
241;1
241;1
241;1
241;1
241;1
241;1
251;56
3;98
251;56
251;56
3;98
3;98
3;98
3;98
3;98
3;98
3;98
3;98
3;98
3;98
3;98
3;98
3;98
3;98
3;98
3;98
3;98
3;98
3;98
3;98
3;98
3;98
3;98
3;98
3;98
3;98
3;98
3;98
172;55
172;55
79;89
43;1
174;84
123;22
79;89
79;89
79;89
79;89
79;89
79;89
79;89
79;89
79;89
79;89
79;89
79;89
79;89
79;89
79;89
79;89
79;89
79;89
79;89
79;89
79;89
79;89
79;89
79;89
79;89
79;89
79;89
79;89
79;89
79;89
79;89
79;89
79;89
79;89
79;89
79;89
79;89
79;89
79;89
79;89
79;89
79;89
79;89
79;89
79;89
79;89
79;89
79;89
79;89
79;89
79;89
79;89
79;89
79;89
79;89
79;89
79;89
79;89
79;89
79;89
79;89
79;89
79;89
79;89
79;89
79;89
79;89
79;89
79;89
79;89
79;89
79;89
79;89
79;89
79;89
79;89
79;89
79;89
79;89
79;89
79;89
79;89
79;89
79;89
79;89
79;89
79;89
79;89
79;89
79;89
79;89
79;89
79;89
79;89
79;89
79;89
79;89
79;89
79;89
79;89
79;89
79;89
79;89
79;89
79;89
79;89
79;89
79;89
43;1
43;1
43;1
43;1
43;1
43;1
43;1
43;1
43;1
43;1
43;1
43;1
43;1
43;1
43;1
43;1
43;1
43;1
43;1
174;84
174;84
174;84
174;84
174;84
174;84
174;84
174;84
174;84
174;84
174;84
174;84
174;84
174;84
174;84
174;84
174;84
174;84
174;84
174;84
174;84
174;84
174;84
174;84
174;84
174;84
174;84
167;26
167;26
167;26
167;26
167;26
167;26
167;26
167;26
167;26
167;26
167;26
167;26
167;26
167;26
167;26
167;26
167;26
167;26
167;26
167;26
167;26
167;26
167;26
167;26
167;26
167;26
167;26
167;26
167;26
167;26
167;26
167;26
167;26
167;26
167;26
167;26
167;26
167;26
167;26
112;72
112;72
112;72
112;72
112;72
112;72
112;72
112;72
112;72
112;72
112;72
112;72
112;72
112;72
112;72
112;72
112;72
112;72
112;72
123;22
123;22
123;22
123;22
123;22
123;22
123;22
123;22
123;22
123;22
123;22
123;22
123;22
123;22
123;22
123;22
123;22
123;22
123;22
123;22
123;22
123;22
123;22
123;22
123;22
123;22
123;22
123;22
123;22
123;22
123;22
123;22
123;22
123;22
123;22
238;65
25;1
118;27
8;102
238;65
178;101
238;65
238;65
238;65
238;65
238;65
238;65
238;65
193;80
193;80
193;80
193;80
193;80
193;80
193;80
193;80
193;80
193;80
193;80
193;80
193;80
193;80
193;80
193;80
193;80
193;80
193;80
193;80
193;80
193;80
193;80
193;80
193;80
193;80
193;80
193;80
193;80
193;80
193;80
193;80
193;80
193;80
193;80
193;80
193;80
193;80
193;80
193;80
193;80
193;80
193;80
193;80
193;80
193;80
193;80
193;80
193;80
193;80
193;80
193;80
193;80
193;80
193;80
193;80
193;80
193;80
193;80
193;80
193;80
193;80
193;80
118;27
118;27
118;27
25;1
25;1
25;1
25;1
25;1
25;1
25;1
25;1
25;1
25;1
25;1
35;102
35;102
35;102
35;102
35;102
35;102
35;102
35;102
35;102
35;102
35;102
110;49
110;49
110;49
110;49
110;49
110;49
81;89
81;89
81;89
81;89
81;89
81;89
81;89
81;89
81;89
81;89
81;89
81;89
81;89
81;89
81;89
8;102
8;102
8;102
8;102
8;102
8;102
8;102
42;111
42;111
42;111
42;111
51;27
51;27
51;27
51;27
51;27
51;27
51;27
51;27
51;27
51;27
51;27
51;27
178;101
178;101
178;101
178;101
268;94
268;94
268;94
268;94
268;94
268;94
268;94
268;94
268;94
268;94
268;94
268;94
268;94
268;94
268;94
268;94
268;94
268;94
268;94
268;94
268;94
268;94
268;94
268;94
268;94
268;94
268;94
268;94
268;94
268;94
268;94
268;94
268;94
268;94
268;94
268;94
268;94
268;94
268;94
268;94
268;94
268;94
268;94
268;94
268;94
268;94
23;34
23;34
23;34
23;34
23;34
227;1
227;1
227;1
227;1
227;1
227;1
227;1
227;1
227;1
227;1
227;1
227;1
227;1
227;1
227;1
227;1
227;1
69;111
145;89
117;89
236;1
69;111
69;111
69;111
69;111
69;111
69;111
223;49
223;49
223;49
223;49
223;49
223;49
223;49
223;49
223;49
223;49
223;49
223;49
223;49
223;49
223;49
223;49
131;92
131;92
131;92
131;92
131;92
131;92
131;92
131;92
131;92
131;92
131;92
131;92
131;92
131;92
131;92
131;92
131;92
131;92
131;92
131;92
131;92
131;92
131;92
131;92
131;92
131;92
131;92
131;92
131;92
131;92
131;92
131;92
131;92
131;92
131;92
131;92
131;92
131;92
131;92
131;92
131;92
131;92
131;92
131;92
131;92
131;92
131;92
131;92
131;92
131;92
131;92
131;92
131;92
269;63
269;63
269;63
269;63
269;63
269;63
269;63
269;63
269;63
269;63
269;63
269;63
269;63
269;63
269;63
145;89
145;89
145;89
145;89
145;89
145;89
145;89
145;89
145;89
145;89
145;89
145;89
145;89
145;89
155;92
155;92
155;92
155;92
155;92
155;92
155;92
155;92
155;92
173;73
173;73
173;73
173;73
173;73
173;73
173;73
173;73
173;73
173;73
173;73
173;73
173;73
173;73
173;73
173;73
144;133
144;133
144;133
144;133
144;133
144;133
144;133
144;133
144;133
144;133
144;133
144;133
144;133
144;133
144;133
144;133
144;133
144;133
144;133
117;89
117;89
117;89
117;89
117;89
117;89
117;89
117;89
117;89
117;89
117;89
117;89
117;89
117;89
117;89
117;89
117;89
117;89
117;89
117;89
117;89
117;89
117;89
117;89
117;89
117;89
117;89
231;65
231;65
231;65
231;65
231;65
231;65
231;65
231;65
231;65
231;65
231;65
231;65
231;65
231;65
231;65
231;65
231;65
231;65
231;65
231;65
231;65
231;65
231;65
231;65
231;65
236;1
236;1
236;1
236;1
236;1
236;1
236;1
236;1
236;1
236;1
236;1
236;1
143;22
201;92
143;22
143;22
143;22
143;22
143;22
4;76
4;76
4;76
4;76
4;76
4;76
4;76
4;76
4;76
4;76
4;76
4;76
201;92
201;92
201;92
201;92
201;92
201;92
201;92
201;92
201;92
201;92
201;92
201;92
201;92
201;92
201;92
201;92
201;92
201;92
201;92
201;92
201;92
201;92
201;92
201;92
201;92
201;92
201;92
201;92
201;92
30;84
30;84
30;84
30;84
30;84
30;84
30;84
30;84
30;84
30;84
30;84
30;84
30;84
30;84
120;36
120;36
120;36
120;36
120;36
120;36
120;36
120;36
120;36
